113, Geschiedenis Middeleeuwen, amt, Beginner, 5
87, An, Andere, Gevorderd, 6
105, An, Anderen, Beginner, 6
35, An, Anders, Medium, 6
33, Engels A, Ann, Medium, 6
6, Engels A, Engels A 1, Beginner, 8
7, Engels A, Engels A 2, Beginner, 8
8, Engels A, Engels A 3, Beginner, 8
3, Geschiedenis Middeleeuwen, Geschiedenis Middeleeuwen 1, Beginner, 6
4, Geschiedenis Middeleeuwen, Geschiedenis Middeleeuwen 2, Beginner, 6
5, Geschiedenis Middeleeuwen, Geschiedenis Middeleeuwen 3, Beginner, 6
106, Geschiedenis Middeleeuwen, GMm, Medium, 5
34, Ham, HamKaas, Medium, 6
37, Ham, Hamstel, Beginner, 12
1, Java Programming, Java Basis, Beginner, 7
2, Python Basis, Python Basis, Beginner, 5
